blue,green,red,redge,nir,ndvi,ndre,cire,sipi,mndvi,plot,date
0.02108184641537474,0.05315596648031893,0.036299273271383,0.16159350058727592,0.40612884891046286,0.8110456757198587,0.42220966099004076,1.5091684297156411,1.065504092488185,-0.16969125206822233,10,2021-07-20
0.021076383463828178,0.05629455676185885,0.0369002186806977,0.15724434410560165,0.37621026137744706,0.7876093161072629,0.4011143089784575,1.385441868499312,1.0859170413964376,-0.04831534313195452,11,2021-07-20
0.021781055551657144,0.05907054836345319,0.038678154299067895,0.1628041031518833,0.38818849000987776,0.783511510024198,0.39863137693217376,1.3605557099560046,1.0873273412437277,-0.095364584627628,12,2021-07-20
0.020479918183424105,0.06098736079115578,0.03665144094072729,0.16917269145748545,0.41589302532266814,0.8096072334652066,0.41358059319924567,1.4496962866508016,1.0746838697019074,-0.15083105097794416,13,2021-07-20
0.021297172686368816,0.05862934879067451,0.037365445967755095,0.16078253314487695,0.3928958491642888,0.7985510358120768,0.41272677746613234,1.4437109882514425,1.0763378048427852,-0.10124776498217072,14,2021-07-20
0.02194515329609887,0.061279316591505935,0.03643290908078198,0.16344086910330757,0.4002293098269731,0.8077605952493834,0.414673884972085,1.4500551946610751,1.0682232649841017,-0.24951941233620542,15,2021-07-20
0.020976215895564886,0.06260347538764137,0.03316698187545086,0.1759698932660897,0.4279086226960494,0.8375735169525571,0.41462027863734413,1.44307451420622,1.0501961429891062,-0.537894215083963,16,2021-07-20
0.020820446402039026,0.0596832783947518,0.03347267230883418,0.1692592419766643,0.41943610106745843,0.8302574542701224,0.419366393074524,1.4756373060196422,1.0544881331476386,-0.3193034280912128,17,2021-07-20
0.020521101222071486,0.058551880597814146,0.032851827369373414,0.16679461960918202,0.4183310785112601,0.8334914825966359,0.425292246710257,1.5209923317764995,1.0516774373583848,-0.30294254613096283,18,2021-07-20
0.021184062666743015,0.059527718552707706,0.03409332590210946,0.1669940788838779,0.41646792560900225,0.8290410861735796,0.4224323615833422,1.4934347772187246,1.0533007543287258,-0.35812892932564644,19,2021-07-20
0.020665341854501185,0.051983532832820145,0.03630887290012232,0.14699694394807492,0.36028860113745104,0.7819582874567923,0.41005625339351504,1.454421829388968,1.0907910725428955,0.07652749480475293,1,2021-07-20
0.022863273884834598,0.06025028946799139,0.03771215100499788,0.16741884954432495,0.41057333369142063,0.8133904709591854,0.414680408368762,1.452372521414568,1.056663630531995,-0.18526152539969348,20,2021-07-20
0.024181768853400523,0.061438541733849224,0.04705646998818957,0.1632921294250651,0.3503712558912005,0.727003322281321,0.3567379702559615,1.1368177268834017,1.1306603813420268,0.2412537372738888,21,2021-07-20
0.02357276427833484,0.057389553911434056,0.04634504906707617,0.15836903026620142,0.3343388934033026,0.7189932454576542,0.34829890910717426,1.092332473591828,1.135407476674882,0.22402512037307626,22,2021-07-20
0.022516008059423363,0.05564379792659727,0.04242904164443159,0.1626544658273321,0.3609010878122764,0.7562440383072999,0.3706427623942597,1.207476013209314,1.108038915169001,-0.06513353647374616,23,2021-07-20
0.02082984855258637,0.054937885831383926,0.03747857895945505,0.15819950142409792,0.3747444050018639,0.7851167395322864,0.3976250529174562,1.3581943300921486,1.0884487392403557,0.009060770946587441,24,2021-07-20
0.020739718430936083,0.05667053926648563,0.03645774730994324,0.16738177824429015,0.39378310361541213,0.8025925551637955,0.39773670313801374,1.3492680485721877,1.0745663010532687,-0.2128007021730204,25,2021-07-20
0.020249986502243477,0.05755859334794882,0.03581589648658612,0.166256115368732,0.4091635495078529,0.8133004319369008,0.4166660424815868,1.4664407073973034,1.0702998542836473,-0.21440202191475294,26,2021-07-20
0.02082344923776156,0.058142763513432824,0.03632322149052575,0.16630192162090043,0.4077441723758556,0.8067838382447543,0.4127645123225966,1.4447817357952846,1.075076133623257,-0.2931720786863684,27,2021-07-20
0.02130630914294375,0.059522629197864094,0.0373312539811456,0.16917121216016326,0.4058952225518351,0.7983298265645488,0.4039077663542031,1.3892259339046527,1.0800704689137066,-0.0064584782133628345,28,2021-07-20
0.020796879998121867,0.05889000925249569,0.03666624291938179,0.16971016830013366,0.3959561759524412,0.8020223701081003,0.39377773830820095,1.3287352208026477,1.076243855349235,-0.1350575729005716,29,2021-07-20
0.021543151780551443,0.053980969214347016,0.038320959210734286,0.15269892883845776,0.37279465587849603,0.7756811335318047,0.409006809613774,1.4399732890454422,1.0930755195009485,0.13240196806184676,2,2021-07-20
0.02068966931328386,0.05666764593557311,0.041657446780706375,0.16755077523221976,0.3665856265535629,0.7608506463277303,0.3641167682702079,1.1796431129482081,1.110339534681524,-0.07596374295588357,30,2021-07-20
0.022872519566219163,0.060361441909068704,0.041353285062716495,0.16914237090530354,0.359619586469412,0.7572023511516401,0.35230698886118994,1.1143660320229305,1.1061797819990415,-0.11194077746531025,31,2021-07-20
0.023276782477653996,0.05737544264300133,0.04043947830337985,0.16392539987126903,0.3273053530349184,0.7462584507530284,0.32489697343901575,0.9838178956407816,1.098886859930426,-0.0819634859133568,32,2021-07-20
0.020554209973312795,0.05506976421672468,0.03165366644238008,0.16790614762396003,0.3830571335843752,0.8245731494571328,0.3848885538947765,1.2786321474374782,1.050752333900363,-0.3987374946479828,33,2021-07-20
0.020451197126895297,0.055565797801780545,0.03147341189282915,0.17212437824501803,0.39118097523499457,0.8288811702819936,0.3848387910903679,1.2778733150363637,1.050203370084196,-0.47096277463700353,34,2021-07-20
0.01936701984630138,0.05359266635054213,0.030411547277230336,0.1670385490405761,0.400392203981518,0.8384306366214397,0.406591786357543,1.396377771081201,1.0472301579234589,-0.5005099302350392,35,2021-07-20
0.018929691577564606,0.05400171152925515,0.03181206786912738,0.17147641196897798,0.39804527833684006,0.8328813706512548,0.39488909383263354,1.3281948808896087,1.0523440240710242,-0.43949321704179073,36,2021-07-20
0.01908085954359567,0.05353835646411266,0.03287590993278524,0.17100658731720164,0.3968207123556963,0.8205217704300132,0.3920707627731908,1.3181371973244833,1.0625726507105975,-0.196439377415801,37,2021-07-20
0.02038546565283457,0.05592238998160986,0.033926183878553715,0.17813298479129927,0.4067276972255094,0.8204881616779093,0.38547460363941627,1.2844312927396009,1.061355480831645,-0.37578076043392605,38,2021-07-20
0.02008451499300662,0.057203330339515364,0.03208595993935597,0.17507595797971448,0.4149821826437972,0.8331989405722567,0.4011998284964651,1.368847683667301,1.052621421679764,-0.49353541119521016,39,2021-07-20
0.020673446245461698,0.05449944691022228,0.037399984061615904,0.15594584718473267,0.3971302849553277,0.7953697578142437,0.4269298425963623,1.5577238935732887,1.084938612605052,0.061999574163392454,3,2021-07-20
0.019852134125606616,0.05373436615783844,0.03486695315271314,0.16379847172472028,0.36628291882827246,0.793466931644803,0.3733395766925247,1.2300632744400315,1.080936150586189,-0.051256961859822044,40,2021-07-20
0.021324285267606317,0.055938774089490884,0.03814747711225706,0.15592948956102284,0.38948385357113735,0.7920895425161442,0.42042944293733375,1.4995324191641533,1.0825754711141273,0.04675895027730639,4,2021-07-20
0.02137609440956277,0.05544645798865101,0.039411562986637276,0.15355040367738534,0.37456658871361753,0.7752996388379756,0.409456362715219,1.4469040550338308,1.095501192171673,0.12951381626200018,5,2021-07-20
0.021732530962083055,0.05606451632982359,0.035810728836031556,0.16000262892166367,0.398239907142621,0.8091809093620173,0.4198103551960497,1.493574254480336,1.0698024902503618,-0.16733123806946668,6,2021-07-20
0.01983959844719843,0.05239146759371982,0.03299101984358602,0.15565167983601016,0.3980271184929658,0.8196373723811872,0.429525645740773,1.5547876602011335,1.065487761775629,-0.29137129936881057,7,2021-07-20
0.019588863015763826,0.05078258716339354,0.03284344355764567,0.15299046470510094,0.3931336742374569,0.8197848959891266,0.43264711638268133,1.5787544904235153,1.0622662782005494,-0.2423790190993261,8,2021-07-20
0.021439528873706103,0.05433168981087567,0.03362620049911161,0.15594278535131204,0.40892185993654295,0.824276251931495,0.441315146950147,1.6324658284031213,1.0561764260945297,-0.4109303033191531,9,2021-07-20
